{
  "total": [
    0.10590843856334686,
    0.08074680715799332,
    0.06114867702126503,
    0.04698653519153595,
    0.03735227882862091,
    0.0308021679520607,
    0.026371130719780922,
    0.0235751885920763,
    0.022022994235157967,
    0.02130432426929474,
    0.02106783539056778,
    0.02097007818520069,
    0.020751778036355972,
    0.02029174007475376,
    0.0195678249001503,
    0.018626665696501732,
    0.01756211370229721,
    0.016491319984197617,
    0.015529082156717777,
    0.014765639789402485,
    0.014255812391638756,
    0.014001019299030304,
    0.013910060748457909,
    0.013822164386510849,
    0.01364146824926138,
    0.013368234969675541,
    0.013043287210166454,
    0.012712609954178333,
    0.01241135224699974,
    0.012156910263001919,
    0.011948280967772007,
    0.011772485449910164,
    0.011614231392741203,
    0.011462240479886532,
    0.011313095688819885,
    0.011170269921422005,
    0.011041429825127125,
    0.01093393936753273,
    0.010851657949388027,
    0.01079137809574604
  ],
  "cs": [
    0.08581714332103729,
    0.06325116008520126,
    0.045851998031139374,
    0.03348064422607422,
    0.025299672037363052,
    0.01999952271580696,
    0.016664767637848854,
    0.014809309504926205,
    0.01402510330080986,
    0.013894670642912388,
    0.014078786596655846,
    0.014268605969846249,
    0.014244970865547657,
    0.013912666589021683,
    0.013262419030070305,
    0.012345932424068451,
    0.01125694252550602,
    0.010109330527484417,
    0.009013664908707142,
    0.008057807572185993,
    0.007301964331418276,
    0.006773866713047028,
    0.006441248580813408,
    0.006203535012900829,
    0.005977910943329334,
    0.005746013484895229,
    0.005523940082639456,
    0.005333608016371727,
    0.0051878332160413265,
    0.005084929522126913,
    0.0050100223161280155,
    0.004942321218550205,
    0.004864017479121685,
    0.0047648511826992035,
    0.004644234199076891,
    0.004509069956839085,
    0.004370560869574547,
    0.004239795263856649,
    0.004124972969293594,
    0.004028256516903639
  ],
  "coverage": [
    0.07786644995212555,
    0.06764399260282516,
    0.058988045901060104,
    0.05189790204167366,
    0.046027690172195435,
    0.04089856892824173,
    0.03641510009765625,
    0.03266363963484764,
    0.029747746884822845,
    0.027663366869091988,
    0.026279009878635406,
    0.025394998490810394,
    0.02483714185655117,
    0.02450582943856716,
    0.024354515597224236,
    0.024367090314626694,
    0.02454747073352337,
    0.02491099201142788,
    0.025474557653069496,
    0.02624439261853695,
    0.027194269001483917,
    0.028223218396306038,
    0.029123999178409576,
    0.029696237295866013,
    0.02990354225039482,
    0.029812127351760864,
    0.029504146426916122,
    0.029057301580905914,
    0.028543706983327866,
    0.028026949614286423,
    0.027556555345654488,
    0.02716456912457943,
    0.026866432279348373,
    0.026665156707167625,
    0.02655583992600441,
    0.02652924135327339,
    0.026573460549116135,
    0.02667398937046528,
    0.02681267075240612,
    0.026966862380504608
  ],
  "entropy": [
    0.012493743561208248,
    0.011693011969327927,
    0.010993358679115772,
    0.0106283538043499,
    0.010913698002696037,
    0.011560054495930672,
    0.012051761150360107,
    0.011999383568763733,
    0.011219091713428497,
    0.009876224212348461,
    0.008385925553739071,
    0.007054481655359268,
    0.005950435064733028,
    0.005052330903708935,
    0.004335526376962662,
    0.003779197111725807,
    0.0033660538028925657,
    0.0030848474707454443,
    0.0029355441220104694,
    0.002934688003733754,
    0.003105632495135069,
    0.0034269678872078657,
    0.003756241872906685,
    0.0038914016913622618,
    0.0037534437142312527,
    0.0033837954979389906,
    0.002866216702386737,
    0.002293539000675082,
    0.0017518631648272276,
    0.001304883393459022,
    0.0009824020089581609,
    0.0007804538472555578,
    0.0006721120444126427,
    0.0006219903589226305,
    0.0005980140413157642,
    0.0005777988117188215,
    0.0005500778206624091,
    0.00051293452270329,
    0.000470334489364177,
    0.0004281039582565427
  ]
}